{
  "AeAw": 7.789831928962361e-11,
  "Af1": 0.0004693423800387027,
  "Af2": 0.0008080066143692178,
  "Askin": 0.0035342917352885177,
  "Bmax": 0.3,
  "Comin": 2.3040000000000003e-06,
  "D": 0.4,
  "delta": 0.03354101966249685,
  "DT": 8.000000000000001e-06,
  "dVo_p": 1,
  "dVo_V": 0.75,
  "fs": 50000,
  "iDmax": 0.8262945280940139,
  "Ii": 0.11568123393316196,
  "iL1max": 0.5784061696658097,
  "iL1rms": 0.2112040710174162,
  "iL2max": 0.8262945280940139,
  "iL2rms": 0.36360297646614803,
  "Io": 0.216,
  "iSmax": 0.5784061696658097,
  "Jmax": 450,
  "K": 0.25,
  "L1": 0.002152120888888889,
  "L2": 0.0010545392355555555,
  "N1N2": 1.4285714285714286,
  "N2N1": 0.7,
  "N2N1_calc": 0.7230077120822622,
  "Pi": 18.0,
  "Po": 16.2,
  "rend": 90,
  "RI_dVo": "%",
  "RI_dVo_p": false,
  "RI_dVo_V": true,
  "RI_fs": false,
  "RI_fsTs": "fs",
  "RI_Ts": true,
  "Ts": 2e-05,
  "tx": 1.9618133333333335e-05,
  "VDmax": 183.92,
  "Vi": 155.6,
  "VL1min": -107.14285714285714,
  "VL2max": 108.91999999999999,
  "Vo": 75,
  "VSmax": 262.74285714285713
}