{
  "AeAw": 1.0386442571949821e-10,
  "Af1": 0.0006085806194501847,
  "Af2": 0.007027283689263066,
  "Askin": 0.0017671458676442582,
  "Bmax": 0.3,
  "Comin": 3.333333333333334e-06,
  "D": 0.4,
  "delta": 0.023717082451262844,
  "DT": 4.000000000000001e-06,
  "dVo_p": 10,
  "dVo_V": 2.4,
  "fs": 100000,
  "iDmax": 7.500000000000002,
  "Ii": 0.15,
  "iL1max": 0.7500000000000002,
  "iL1rms": 0.2738612787525831,
  "iL2max": 7.500000000000002,
  "iL2rms": 3.16227766016838,
  "Io": 2.0,
  "iSmax": 0.7500000000000002,
  "Jmax": 450,
  "K": 0.25,
  "L1": 0.0017066666666666667,
  "L2": 1.7066666666666667e-05,
  "N1N2": 10.0,
  "N2N1": 0.1,
  "N2N1_calc": 0.11249999999999999,
  "Pi": 48.0,
  "Po": 48,
  "rend": 100,
  "RI_dVo": "%",
  "RI_dVo_p": false,
  "RI_dVo_V": true,
  "RI_fs": false,
  "RI_fsTs": "fs",
  "RI_Ts": true,
  "Ts": 1e-05,
  "tx": 9.333333333333334e-06,
  "VDmax": 56.0,
  "Vi": 320,
  "VL1min": -240.0,
  "VL2max": 32.0,
  "Vo": 24,
  "VSmax": 560.0
}