{
  "Vi": 300,
  "Pi": 100,
  "N1": 100,
  "N2": 40,
  "fs": 50000,
  "Ts": 2e-05,
  "D": 0.4,
  "Vo": 100,
  "Ro": 100.0,
  "Po": 100,
  "Co": 1e-06,
  "dVo": 5.0,
  "dVo_p": 5,
  "RI_fsTs": "Ts",
  "RI_fs": false,
  "RI_Ts": true,
  "RI_VoRoPo": "Ro",
  "RI_Vo": false,
  "RI_Ro": true,
  "RI_Po": false,
  "RI_dVo_Vp": "V",
  "RI_dVo": true,
  "RI_dVo_p": false,
  "Ii": 0.3333333333333333,
  "Io": 1.0,
  "L1": 0.00144,
  "DT": 8.000000000000001e-06,
  "N1N2": 2.5,
  "N2N1": 0.4,
  "L2": 0.00023040000000000002,
  "Comin": 1.6000000000000004e-06,
  "iL1max": 1.6666666666666667,
  "iSmax": 1.6666666666666667,
  "iL2max": 4.166666666666667,
  "iDmax": 4.166666666666667,
  "tx": 1.7600000000000004e-05,
  "VL1min": -250.0,
  "VL2max": 120.0,
  "VSmax": 550.0,
  "VDmax": 220.0
}