{
  "AeAw": 3.894915964481181e-10,
  "Af1": 0.00033195306515464607,
  "Af2": 0.0008040302522073695,
  "Askin": 0.017671458676442587,
  "Bmax": 0.3,
  "Comin": 1.152e-05,
  "D": 0.4,
  "delta": 0.075,
  "DT": 4e-05,
  "dVo_p": 1,
  "dVo_V": 0.75,
  "fs": 10000,
  "iDmax": 0.8181818181818181,
  "Ii": 0.08181818181818182,
  "iL1max": 0.40909090909090906,
  "iL1rms": 0.14937887931959073,
  "iL2max": 0.8181818181818181,
  "iL2rms": 0.3618136134933163,
  "Io": 0.216,
  "iSmax": 0.40909090909090906,
  "Jmax": 450,
  "K": 0.25,
  "L1": 0.021511111111111113,
  "L2": 0.005377777777777778,
  "N1N2": 2.0,
  "N2N1": 0.5,
  "N2N1_calc": 0.5113636363636364,
  "Pi": 18.0,
  "Po": 16.2,
  "rend": 90,
  "RI_dVo": "%",
  "RI_dVo_p": false,
  "RI_dVo_V": true,
  "RI_fs": false,
  "RI_fsTs": "fs",
  "RI_Ts": true,
  "Ts": 0.0001,
  "tx": 9.866666666666668e-05,
  "VDmax": 185.0,
  "Vi": 220,
  "VL1min": -150.0,
  "VL2max": 110.0,
  "Vo": 75,
  "VSmax": 370.0
}