{
  "AeAw": 3.894915964481183e-11,
  "Bmax": 0.3,
  "Comin": 1.1520000000000002e-06,
  "D": 0.4,
  "DT": 4.000000000000001e-06,
  "dVo_p": 1,
  "dVo_V": 0.75,
  "fs": 100000,
  "iDmax": 0.8181818181818183,
  "Ii": 0.08181818181818182,
  "iL1max": 0.40909090909090917,
  "iL1rms": 0.1493788793195908,
  "iL2max": 0.8181818181818183,
  "Io": 0.216,
  "iSmax": 0.40909090909090917,
  "Jmax": 450,
  "K": 0.25,
  "L1": 0.002151111111111111,
  "L2": 0.0005377777777777778,
  "N1N2": 2.0,
  "N2N1": 0.5,
  "N2N1_calc": 0.5113636363636364,
  "Pi": 18.0,
  "Po": 16.2,
  "rend": 90,
  "RI_dVo": "%",
  "RI_dVo_p": false,
  "RI_dVo_V": true,
  "RI_fs": false,
  "RI_fsTs": "fs",
  "RI_Ts": true,
  "Ts": 1e-05,
  "tx": 9.866666666666668e-06,
  "VDmax": 185.0,
  "Vi": 220,
  "VL1min": -150.0,
  "VL2max": 110.0,
  "Vo": 75,
  "VSmax": 370.0
}