{
  "AeAw": 1.0933097444157708e-10,
  "Bmax": 0.3,
  "Comin": 3.333333333333334e-06,
  "D": 0.4,
  "DT": 4.000000000000001e-06,
  "dVo_p": 10,
  "dVo_V": 2.4,
  "fs": 100000,
  "iDmax": 7.017543859649125,
  "Ii": 0.15789473684210525,
  "iL1max": 0.7894736842105265,
  "iL1rms": 0.288275030265877,
  "iL2max": 7.017543859649125,
  "Io": 2.0,
  "iSmax": 0.7894736842105265,
  "Jmax": 450,
  "K": 0.25,
  "L1": 0.0016213333333333334,
  "L2": 2.0519999999999997e-05,
  "N1N2": 8.88888888888889,
  "N2N1": 0.11249999999999999,
  "Pi": 50.526315789473685,
  "Po": 48,
  "rend": 95,
  "RI_dVo": "%",
  "RI_dVo_p": false,
  "RI_dVo_V": true,
  "RI_fs": false,
  "RI_fsTs": "fs",
  "RI_Ts": true,
  "Ts": 1e-05,
  "tx": 1.0000000000000003e-05,
  "VDmax": 60.0,
  "Vi": 320,
  "VL1min": -213.33333333333334,
  "VL2max": 36.0,
  "Vo": 24,
  "VSmax": 533.3333333333334
}